City,X,Y
0,37.454011884736246,2.0584494295802447
1,95.07143064099162,96.99098521619943
2,73.1993941811405,83.24426408004217
3,59.86584841970366,21.233911067827616
4,15.601864044243651,18.182496720710063
5,15.599452033620265,18.34045098534338
6,5.8083612168199465,30.42422429595377
7,86.61761457749351,52.475643163223786
8,60.11150117432088,43.194501864211574
9,70.80725777960456,29.122914019804192
